mv  addint.cc addint.c
mv  airy.cc airy.c
mv  amebsa.cc amebsa.c
mv  amoeba.cc amoeba.c
mv  amotry.cc amotry.c
mv  amotsa.cc amotsa.c
mv  anneal.cc anneal.c
mv  anorm2.cc anorm2.c
mv  arcmak.cc arcmak.c
mv  arcode.cc arcode.c
mv  arcsum.cc arcsum.c
mv  asolve.cc asolve.c
mv  atimes.cc atimes.c
mv  avevar.cc avevar.c
mv  badluk.cc badluk.c
mv  balanc.cc balanc.c
mv  banbks.cc banbks.c
mv  bandec.cc bandec.c
mv  banmul.cc banmul.c
mv  bcucof.cc bcucof.c
mv  bcuint.cc bcuint.c
mv  beschb.cc beschb.c
mv  bessi.cc bessi.c
mv  bessi0.cc bessi0.c
mv  bessi1.cc bessi1.c
mv  bessik.cc bessik.c
mv  bessj.cc bessj.c
mv  bessj0.cc bessj0.c
mv  bessj1.cc bessj1.c
mv  bessjy.cc bessjy.c
mv  bessk.cc bessk.c
mv  bessk0.cc bessk0.c
mv  bessk1.cc bessk1.c
mv  bessy.cc bessy.c
mv  bessy0.cc bessy0.c
mv  bessy1.cc bessy1.c
mv  beta.cc beta.c
mv  betacf.cc betacf.c
mv  betai.cc betai.c
mv  bico.cc bico.c
mv  bksub.cc bksub.c
mv  bnldev.cc bnldev.c
mv  brent.cc brent.c
mv  broydn.cc broydn.c
mv  bsstep.cc bsstep.c
mv  caldat.cc caldat.c
mv  chder.cc chder.c
mv  chebev.cc chebev.c
mv  chebft.cc chebft.c
mv  chebpc.cc chebpc.c
mv  chint.cc chint.c
mv  chixy.cc chixy.c
mv  choldc.cc choldc.c
mv  cholsl.cc cholsl.c
mv  chsone.cc chsone.c
mv  chstwo.cc chstwo.c
mv  cisi.cc cisi.c
mv  cntab1.cc cntab1.c
mv  cntab2.cc cntab2.c
mv  complex.cc complex.c
mv  convlv.cc convlv.c
mv  copy.cc copy.c
mv  correl.cc correl.c
mv  cosft1.cc cosft1.c
mv  cosft2.cc cosft2.c
mv  covsrt.cc covsrt.c
mv  crank.cc crank.c
mv  cyclic.cc cyclic.c
mv  daub4.cc daub4.c
mv  dawson.cc dawson.c
mv  dbrent.cc dbrent.c
mv  ddpoly.cc ddpoly.c
mv  decchk.cc decchk.c
mv  df1dim.cc df1dim.c
mv  dfour1.cc dfour1.c
mv  dfpmin.cc dfpmin.c
mv  dfridr.cc dfridr.c
mv  dftcor.cc dftcor.c
mv  dftint.cc dftint.c
mv  difeq.cc difeq.c
mv  dlinmin.cc dlinmin.c
mv  dpythag.cc dpythag.c
mv  drealft.cc drealft.c
mv  dsprsax.cc dsprsax.c
mv  dsprstx.cc dsprstx.c
mv  dsvbksb.cc dsvbksb.c
mv  dsvdcmp.cc dsvdcmp.c
mv  eclass.cc eclass.c
mv  eclazz.cc eclazz.c
mv  ei.cc ei.c
mv  eigsrt.cc eigsrt.c
mv  elle.cc elle.c
mv  ellf.cc ellf.c
mv  ellpi.cc ellpi.c
mv  elmhes.cc elmhes.c
mv  erfcc.cc erfcc.c
mv  erff.cc erff.c
mv  erffc.cc erffc.c
mv  eulsum.cc eulsum.c
mv  evlmem.cc evlmem.c
mv  expdev.cc expdev.c
mv  expint.cc expint.c
mv  f1dim.cc f1dim.c
mv  factln.cc factln.c
mv  factrl.cc factrl.c
mv  fasper.cc fasper.c
mv  fdjac.cc fdjac.c
mv  fgauss.cc fgauss.c
mv  fill0.cc fill0.c
mv  fit.cc fit.c
mv  fitexy.cc fitexy.c
mv  fixrts.cc fixrts.c
mv  fleg.cc fleg.c
mv  flmoon.cc flmoon.c
mv  fmin.cc fmin.c
mv  four1.cc four1.c
mv  fourew.cc fourew.c
mv  fourfs.cc fourfs.c
mv  fourn.cc fourn.c
mv  fpoly.cc fpoly.c
mv  fred2.cc fred2.c
mv  fredex.cc fredex.c
mv  fredin.cc fredin.c
mv  frenel.cc frenel.c
mv  frprmn.cc frprmn.c
mv  ftest.cc ftest.c
mv  gamdev.cc gamdev.c
mv  gammln.cc gammln.c
mv  gammp.cc gammp.c
mv  gammq.cc gammq.c
mv  gasdev.cc gasdev.c
mv  gaucof.cc gaucof.c
mv  gauher.cc gauher.c
mv  gaujac.cc gaujac.c
mv  gaulag.cc gaulag.c
mv  gauleg.cc gauleg.c
mv  gaussj.cc gaussj.c
mv  gcf.cc gcf.c
mv  golden.cc golden.c
mv  gser.cc gser.c
mv  hpsel.cc hpsel.c
mv  hpsort.cc hpsort.c
mv  hqr.cc hqr.c
mv  hufapp.cc hufapp.c
mv  hufdec.cc hufdec.c
mv  hufenc.cc hufenc.c
mv  hufmak.cc hufmak.c
mv  hunt.cc hunt.c
mv  hypdrv.cc hypdrv.c
mv  hypgeo.cc hypgeo.c
mv  hypser.cc hypser.c
mv  icrc.cc icrc.c
mv  icrc1.cc icrc1.c
mv  igray.cc igray.c
mv  iindexx.cc iindexx.c
mv  indexx.cc indexx.c
mv  interp.cc interp.c
mv  irbit1.cc irbit1.c
mv  irbit2.cc irbit2.c
mv  jacobi.cc jacobi.c
mv  jacobn.cc jacobn.c
mv  julday.cc julday.c
mv  kendl1.cc kendl1.c
mv  kendl2.cc kendl2.c
mv  kermom.cc kermom.c
mv  ks2d1s.cc ks2d1s.c
mv  ks2d2s.cc ks2d2s.c
mv  ksone.cc ksone.c
mv  kstwo.cc kstwo.c
mv  laguer.cc laguer.c
mv  lfit.cc lfit.c
mv  linbcg.cc linbcg.c
mv  linmin.cc linmin.c
mv  lnsrch.cc lnsrch.c
mv  locate.cc locate.c
mv  lop.cc lop.c
mv  lubksb.cc lubksb.c
mv  ludcmp.cc ludcmp.c
mv  machar.cc machar.c
mv  matadd.cc matadd.c
mv  matsub.cc matsub.c
mv  medfit.cc medfit.c
mv  memcof.cc memcof.c
mv  metrop.cc metrop.c
mv  mgfas.cc mgfas.c
mv  mglin.cc mglin.c
mv  midexp.cc midexp.c
mv  midinf.cc midinf.c
mv  midpnt.cc midpnt.c
mv  midsql.cc midsql.c
mv  midsqu.cc midsqu.c
mv  miser.cc miser.c
mv  mmid.cc mmid.c
mv  mnbrak.cc mnbrak.c
mv  mnewt.cc mnewt.c
mv  moment.cc moment.c
mv  mp2dfr.cc mp2dfr.c
mv  mpdiv.cc mpdiv.c
mv  mpinv.cc mpinv.c
mv  mpmul.cc mpmul.c
mv  mpops.cc mpops.c
mv  mppi.cc mppi.c
mv  mprove.cc mprove.c
mv  mpsqrt.cc mpsqrt.c
mv  mrqcof.cc mrqcof.c
mv  mrqmin.cc mrqmin.c
mv  newt.cc newt.c
mv  nrutil.cc nrutil.c
mv  odeint.cc odeint.c
mv  orthog.cc orthog.c
mv  pade.cc pade.c
mv  pccheb.cc pccheb.c
mv  pcshft.cc pcshft.c
mv  pearsn.cc pearsn.c
mv  period.cc period.c
mv  piksr2.cc piksr2.c
mv  piksrt.cc piksrt.c
mv  pinvs.cc pinvs.c
mv  plgndr.cc plgndr.c
mv  poidev.cc poidev.c
mv  polcoe.cc polcoe.c
mv  polcof.cc polcof.c
mv  poldiv.cc poldiv.c
mv  polin2.cc polin2.c
mv  polint.cc polint.c
mv  powell.cc powell.c
mv  predic.cc predic.c
mv  probks.cc probks.c
mv  psdes.cc psdes.c
mv  pwt.cc pwt.c
mv  pwtset.cc pwtset.c
mv  pythag.cc pythag.c
mv  pzextr.cc pzextr.c
mv  qgaus.cc qgaus.c
mv  qrdcmp.cc qrdcmp.c
mv  qromb.cc qromb.c
mv  qromo.cc qromo.c
mv  qroot.cc qroot.c
mv  qrsolv.cc qrsolv.c
mv  qrupdt.cc qrupdt.c
mv  qsimp.cc qsimp.c
mv  qtrap.cc qtrap.c
mv  quad3d.cc quad3d.c
mv  quadct.cc quadct.c
mv  quadmx.cc quadmx.c
mv  quadvl.cc quadvl.c
mv  ran0.cc ran0.c
mv  ran1.cc ran1.c
mv  ran2.cc ran2.c
mv  ran3.cc ran3.c
mv  ran4.cc ran4.c
mv  rank.cc rank.c
mv  ranpt.cc ranpt.c
mv  ratint.cc ratint.c
mv  ratlsq.cc ratlsq.c
mv  ratval.cc ratval.c
mv  rc.cc rc.c
mv  rd.cc rd.c
mv  realft.cc realft.c
mv  rebin.cc rebin.c
mv  red.cc red.c
mv  relax.cc relax.c
mv  relax2.cc relax2.c
mv  resid.cc resid.c
mv  revcst.cc revcst.c
mv  reverse.cc reverse.c
mv  rf.cc rf.c
mv  rj.cc rj.c
mv  rk4.cc rk4.c
mv  rkck.cc rkck.c
mv  rkdumb.cc rkdumb.c
mv  rkqs.cc rkqs.c
mv  rlft3.cc rlft3.c
mv  rlftfrag.cc rlftfrag.c
mv  rofunc.cc rofunc.c
mv  rotate.cc rotate.c
mv  rsolv.cc rsolv.c
mv  rstrct.cc rstrct.c
mv  rtbis.cc rtbis.c
mv  rtflsp.cc rtflsp.c
mv  rtnewt.cc rtnewt.c
mv  rtsafe.cc rtsafe.c
mv  rtsec.cc rtsec.c
mv  rzextr.cc rzextr.c
mv  savgol.cc savgol.c
mv  scrsho.cc scrsho.c
mv  select.cc select.c
mv  selip.cc selip.c
mv  sfroid.cc sfroid.c
mv  shell.cc shell.c
mv  shoot.cc shoot.c
mv  shootf.cc shootf.c
mv  simp1.cc simp1.c
mv  simp2.cc simp2.c
mv  simp3.cc simp3.c
mv  simplx.cc simplx.c
mv  simpr.cc simpr.c
mv  sinft.cc sinft.c
mv  slvsm2.cc slvsm2.c
mv  slvsml.cc slvsml.c
mv  sncndn.cc sncndn.c
mv  snrm.cc snrm.c
mv  sobseq.cc sobseq.c
mv  solvde.cc solvde.c
mv  sor.cc sor.c
mv  sort.cc sort.c
mv  sort2.cc sort2.c
mv  sort3.cc sort3.c
mv  spctrm.cc spctrm.c
mv  spear.cc spear.c
mv  sphbes.cc sphbes.c
mv  sphfpt.cc sphfpt.c
mv  sphoot.cc sphoot.c
mv  splie2.cc splie2.c
mv  splin2.cc splin2.c
mv  spline.cc spline.c
mv  splint.cc splint.c
mv  spread.cc spread.c
mv  sprsax.cc sprsax.c
mv  sprsin.cc sprsin.c
mv  sprspm.cc sprspm.c
mv  sprstm.cc sprstm.c
mv  sprstp.cc sprstp.c
mv  sprstx.cc sprstx.c
mv  stifbs.cc stifbs.c
mv  stiff.cc stiff.c
mv  stoerm.cc stoerm.c
mv  svbksb.cc svbksb.c
mv  svdcmp.cc svdcmp.c
mv  svdfit.cc svdfit.c
mv  svdvar.cc svdvar.c
mv  toeplz.cc toeplz.c
mv  tptest.cc tptest.c
mv  tqli.cc tqli.c
mv  trapzd.cc trapzd.c
mv  tred2.cc tred2.c
mv  tridag.cc tridag.c
mv  trncst.cc trncst.c
mv  trnspt.cc trnspt.c
mv  ttest.cc ttest.c
mv  tutest.cc tutest.c
mv  twofft.cc twofft.c
mv  vander.cc vander.c
mv  vegas.cc vegas.c
mv  voltra.cc voltra.c
mv  wt1.cc wt1.c
mv  wtn.cc wtn.c
mv  wwghts.cc wwghts.c
mv  zbrac.cc zbrac.c
mv  zbrak.cc zbrak.c
mv  zbrent.cc zbrent.c
mv  zrhqr.cc zrhqr.c
mv  zriddr.cc zriddr.c
mv  zroots.cc zroots.c
